{
  "station": "Aotizhongxin",
  "value_col": "PM2.5",
  "cutoff": "2017-01-01",
  "best_order": [
    1,
    0,
    0
  ],
  "ic": "aic",
  "best_score": 7798.276901448198,
  "rmse": 412.207463153296,
  "mae": 388.4797408704309,
  "diagnostics": {
    "n": 35064,
    "missing_ratio": 0.0,
    "min": 3.0,
    "max": 898.0,
    "mean": 82.54062286105408,
    "std": 81.95640129983177,
    "adf_pvalue": 0.0,
    "kpss_pvalue": 0.1,
    "autocorr_lag_24": 0.40157518039673346,
    "autocorr_lag_168": 0.01679675492456792
  },
  "best_seasonal_order": [
    0,
    1,
    0,
    24
  ]
}